{ "compressionlevel":-1,
 "height":14,
 "infinite":false,
 "layers":[
        {
         "id":3,
         "image":"image\/background_day.jpg",
         "imageheight":479,
         "imagewidth":510,
         "name":"Image Layer 1",
         "offsetx":0,
         "offsety":-256,
         "opacity":1,
         "repeatx":true,
         "type":"imagelayer",
         "visible":true,
         "x":0,
         "y":0
        }, 
        {
         "data":[0, 0, 0, 0, 0, 0, 0, 0, 0, 0, 0, 0, 0, 0, 0, 0, 0, 0, 0, 0, 0, 0, 0, 0, 0, 0, 0, 0, 0, 0, 0, 0, 0, 0, 0, 0, 0, 0, 0, 0, 0, 0, 0, 0, 0, 0, 0, 0, 0, 0, 0, 0, 0, 0, 0, 0, 0, 0, 0, 0, 0, 0, 0, 0, 0, 0, 0, 0, 0, 0, 0, 0, 0, 0, 0, 0, 0, 0, 0, 0, 0, 0, 0, 0, 0, 0, 0, 0, 0, 0, 0, 0, 0, 0, 0, 0, 0, 0, 0, 0, 0, 0, 0, 0, 0, 0, 0, 0, 0, 0, 0, 0, 0, 0, 0, 0, 0, 0, 0, 0, 0, 0, 0, 0, 0, 0, 0, 0, 0, 0, 0, 0, 0, 0, 0, 0, 0, 0, 0, 0, 0, 0, 0, 0, 0, 0, 0, 0, 0, 0, 0, 0, 0, 0, 0, 0, 0, 0, 0, 0, 0, 0, 0, 0, 0, 0, 0, 0, 0, 0, 0, 0, 0, 0, 0, 0, 0, 0, 0, 0, 0, 0, 0, 0, 0, 0, 0, 0, 0, 0, 0, 0, 0, 0, 0, 0, 0, 0, 0, 0, 0, 0, 0, 0, 0, 0, 0, 0, 0, 0, 0,
            0, 0, 0, 0, 0, 0, 0, 0, 0, 0, 0, 0, 0, 0, 0, 0, 0, 0, 0, 0, 0, 0, 0, 0, 0, 0, 0, 0, 0, 0, 0, 0, 0, 0, 0, 0, 0, 0, 0, 0, 0, 0, 0, 0, 0, 0, 0, 0, 0, 0, 0, 0, 0, 0, 0, 0, 0, 0, 0, 0, 0, 0, 0, 0, 0, 0, 0, 0, 0, 0, 0, 0, 0, 0, 0, 0, 0, 0, 0, 0, 0, 0, 0, 0, 0, 0, 0, 0, 0, 0, 0, 0, 0, 0, 0, 0, 0, 0, 0, 0, 0, 0, 0, 0, 0, 0, 0, 0, 0, 0, 0, 0, 0, 0, 0, 0, 0, 0, 0, 0, 0, 0, 0, 0, 0, 0, 0, 0, 0, 0, 0, 0, 0, 0, 0, 0, 0, 0, 0, 0, 0, 0, 0, 0, 0, 0, 0, 0, 0, 0, 0, 0, 0, 0, 0, 0, 0, 0, 0, 0, 0, 0, 0, 0, 0, 0, 0, 0, 0, 0, 0, 0, 0, 0, 0, 0, 0, 0, 0, 0, 0, 0, 0, 0, 0, 0, 0, 0, 0, 0, 0, 0, 0, 0, 0, 0, 0, 0, 0, 0, 0, 0, 0, 0, 0, 0, 0, 0, 0, 0, 0,
            0, 0, 0, 0, 0, 0, 0, 0, 0, 0, 0, 0, 0, 0, 0, 0, 0, 0, 0, 0, 0, 0, 0, 0, 0, 0, 0, 0, 0, 0, 0, 0, 0, 0, 0, 0, 0, 0, 0, 0, 0, 0, 0, 0, 0, 0, 0, 0, 0, 0, 0, 0, 0, 0, 0, 0, 0, 0, 0, 0, 0, 0, 0, 0, 0, 0, 0, 0, 0, 0, 0, 0, 0, 0, 0, 0, 0, 0, 0, 0, 0, 0, 0, 0, 0, 0, 0, 0, 0, 0, 0, 0, 0, 0, 0, 0, 0, 0, 0, 0, 0, 0, 0, 0, 0, 0, 0, 0, 0, 0, 0, 0, 0, 0, 0, 0, 0, 0, 0, 0, 0, 0, 0, 0, 0, 0, 0, 0, 0, 0, 0, 0, 0, 0, 0, 0, 0, 0, 0, 0, 0, 0, 0, 0, 0, 0, 0, 0, 0, 0, 0, 0, 0, 0, 0, 0, 0, 0, 0, 0, 0, 0, 0, 0, 0, 0, 0, 0, 0, 0, 0, 0, 0, 0, 0, 0, 0, 0, 0, 0, 0, 0, 0, 0, 0, 0, 0, 0, 0, 0, 0, 0, 0, 0, 0, 0, 0, 0, 0, 0, 0, 0, 0, 0, 0, 0, 0, 0, 0, 0, 0,
            0, 0, 0, 0, 0, 0, 0, 0, 0, 0, 0, 0, 0, 0, 0, 0, 0, 0, 0, 0, 0, 0, 0, 0, 0, 0, 0, 0, 0, 0, 0, 0, 0, 0, 0, 0, 0, 0, 0, 0, 0, 0, 0, 0, 0, 0, 0, 0, 0, 0, 0, 0, 0, 0, 0, 0, 0, 0, 0, 0, 0, 0, 0, 0, 0, 0, 0, 0, 0, 0, 0, 0, 0, 0, 0, 0, 0, 0, 0, 0, 0, 0, 0, 0, 0, 0, 0, 0, 0, 0, 0, 0, 0, 0, 0, 0, 0, 0, 0, 0, 0, 0, 0, 0, 0, 0, 0, 0, 0, 0, 0, 0, 0, 0, 0, 0, 0, 0, 0, 0, 0, 0, 0, 0, 0, 0, 0, 0, 0, 0, 0, 0, 0, 0, 0, 0, 0, 0, 0, 0, 0, 0, 0, 0, 0, 0, 0, 0, 0, 0, 0, 0, 0, 0, 0, 0, 0, 0, 0, 0, 0, 0, 0, 0, 0, 0, 0, 0, 0, 0, 0, 0, 0, 0, 0, 0, 0, 0, 0, 0, 0, 0, 0, 0, 0, 0, 0, 0, 0, 0, 0, 0, 0, 0, 0, 0, 0, 0, 0, 0, 0, 0, 0, 0, 0, 0, 0, 0, 0, 0, 0,
            0, 0, 0, 0, 0, 0, 0, 0, 0, 0, 0, 0, 0, 0, 0, 0, 0, 0, 0, 290, 0, 0, 0, 0, 0, 0, 0, 0, 0, 0, 0, 0, 0, 0, 0, 0, 0, 0, 0, 0, 0, 0, 0, 0, 0, 0, 0, 0, 0, 0, 0, 0, 0, 0, 0, 0, 0, 0, 0, 0, 0, 0, 0, 0, 0, 0, 0, 0, 0, 0, 0, 0, 0, 0, 0, 0, 0, 297, 297, 297, 297, 297, 297, 297, 297, 0, 0, 0, 297, 297, 297, 290, 0, 0, 0, 0, 0, 0, 0, 0, 0, 0, 0, 0, 0, 290, 0, 0, 0, 0, 0, 0, 0, 0, 0, 0, 0, 297, 297, 297, 0, 0, 0, 0, 297, 290, 290, 297, 0, 0, 0, 0, 0, 0, 0, 0, 0, 0, 0, 0, 0, 0, 0, 0, 0, 0, 0, 0, 0, 0, 0, 0, 0, 0, 0, 0, 0, 0, 0, 0, 0, 0, 0, 0, 0, 0, 0, 0, 0, 0, 0, 0, 0, 0, 0, 0, 0, 0, 0, 0, 0, 0, 0, 0, 0, 0, 340, 321, 323, 0, 0, 0, 0, 0, 0, 0, 0, 0, 0, 0, 0, 0, 0, 0, 0, 0, 0, 0, 0, 0, 0,
            0, 0, 0, 0, 0, 0, 0, 0, 0, 344, 344, 0, 0, 0, 0, 0, 0, 0, 0, 0, 0, 0, 0, 0, 0, 0, 0, 0, 0, 0, 0, 0, 0, 0, 0, 0, 0, 0, 0, 0, 0, 0, 0, 0, 0, 0, 0, 0, 0, 0, 0, 0, 0, 0, 0, 0, 0, 0, 0, 0, 0, 0, 0, 0, 0, 0, 0, 0, 0, 0, 0, 0, 0, 0, 0, 0, 0, 0, 0, 0, 0, 0, 0, 0, 0, 0, 0, 0, 0, 0, 0, 0, 0, 0, 0, 0, 0, 0, 0, 0, 0, 0, 0, 0, 0, 0, 0, 0, 0, 0, 0, 0, 0, 0, 0, 0, 0, 0, 0, 0, 0, 0, 0, 0, 0, 0, 0, 0, 0, 0, 0, 0, 0, 0, 0, 0, 0, 0, 0, 0, 0, 0, 0, 0, 0, 0, 0, 0, 0, 0, 0, 0, 0, 0, 0, 0, 0, 0, 0, 0, 0, 0, 0, 0, 0, 0, 0, 0, 0, 0, 0, 0, 0, 0, 0, 0, 0, 0, 0, 0, 0, 0, 0, 0, 0, 340, 333, 329, 331, 0, 0, 0, 0, 0, 0, 0, 0, 0, 0, 0, 0, 0, 0, 0, 0, 0, 0, 0, 0, 0, 0,
            0, 0, 0, 0, 0, 0, 0, 0, 0, 0, 0, 0, 0, 0, 0, 0, 0, 0, 0, 0, 0, 0, 0, 0, 0, 0, 0, 0, 0, 0, 0, 0, 0, 0, 0, 0, 0, 0, 0, 0, 0, 0, 0, 0, 0, 0, 0, 0, 0, 0, 0, 0, 0, 0, 0, 0, 0, 0, 0, 0, 0, 0, 0, 0, 0, 0, 0, 0, 0, 0, 0, 0, 0, 0, 0, 0, 0, 0, 0, 0, 0, 0, 0, 0, 0, 0, 0, 0, 0, 0, 0, 0, 0, 0, 0, 0, 0, 0, 0, 0, 0, 0, 0, 0, 0, 0, 0, 0, 0, 0, 0, 0, 0, 0, 0, 0, 0, 0, 0, 0, 0, 0, 0, 0, 0, 0, 0, 0, 0, 0, 0, 0, 0, 0, 0, 0, 0, 0, 0, 0, 0, 0, 0, 0, 0, 0, 0, 0, 0, 0, 0, 0, 0, 0, 0, 0, 0, 0, 0, 0, 0, 0, 0, 0, 0, 0, 0, 0, 0, 0, 0, 0, 0, 0, 0, 0, 0, 0, 0, 0, 0, 0, 0, 0, 340, 333, 324, 329, 339, 0, 0, 0, 0, 0, 0, 0, 0, 0, 0, 0, 0, 0, 0, 0, 0, 0, 0, 0, 0, 0, 0,
            0, 0, 0, 0, 0, 0, 0, 0, 0, 0, 0, 0, 0, 0, 0, 0, 0, 0, 0, 0, 0, 0, 0, 0, 0, 0, 0, 0, 0, 0, 0, 0, 0, 0, 0, 0, 0, 0, 0, 0, 0, 0, 0, 0, 0, 0, 0, 0, 0, 0, 0, 0, 0, 0, 0, 0, 0, 0, 0, 0, 0, 0, 0, 0, 0, 0, 0, 0, 0, 0, 0, 0, 0, 0, 0, 0, 0, 0, 0, 0, 0, 0, 0, 0, 0, 0, 0, 0, 0, 0, 0, 0, 0, 0, 0, 0, 0, 0, 0, 0, 0, 0, 0, 0, 0, 0, 0, 0, 0, 0, 0, 0, 0, 0, 0, 0, 0, 0, 0, 0, 0, 0, 0, 0, 0, 0, 0, 0, 0, 0, 0, 0, 0, 0, 0, 0, 0, 0, 0, 0, 0, 0, 0, 0, 0, 0, 0, 0, 0, 0, 0, 0, 0, 0, 0, 0, 0, 0, 0, 0, 0, 0, 0, 0, 0, 0, 0, 0, 0, 0, 0, 0, 0, 0, 0, 0, 0, 0, 0, 0, 0, 0, 0, 340, 333, 329, 329, 329, 347, 0, 0, 0, 0, 0, 0, 0, 0, 0, 0, 0, 0, 0, 0, 0, 0, 0, 0, 0, 0, 0, 0,
            0, 0, 0, 0, 0, 0, 0, 0, 0, 0, 0, 0, 0, 290, 0, 0, 0, 297, 290, 297, 290, 297, 0, 0, 0, 0, 0, 0, 0, 0, 0, 0, 0, 0, 0, 0, 0, 0, 0, 0, 0, 0, 0, 558, 559, 0, 0, 0, 0, 0, 0, 0, 0, 0, 558, 559, 0, 0, 0, 0, 0, 0, 0, 0, 0, 0, 0, 0, 0, 0, 0, 0, 0, 0, 297, 290, 297, 0, 0, 0, 0, 0, 0, 0, 0, 0, 0, 0, 0, 0, 0, 297, 0, 0, 0, 0, 297, 297, 0, 0, 0, 0, 290, 0, 0, 290, 0, 0, 290, 0, 0, 0, 0, 0, 297, 0, 0, 0, 0, 0, 0, 0, 0, 0, 0, 297, 297, 0, 0, 0, 0, 0, 340, 323, 0, 0, 318, 341, 0, 0, 0, 0, 0, 0, 0, 0, 0, 0, 340, 323, 0, 0, 318, 341, 0, 0, 0, 0, 0, 0, 0, 0, 0, 0, 0, 0, 297, 297, 290, 297, 0, 0, 0, 0, 0, 0, 0, 0, 0, 0, 0, 0, 340, 333, 329, 329, 329, 329, 331, 0, 0, 0, 0, 0, 0, 0, 0, 0, 0, 0, 0, 0, 0, 0, 0, 0, 0, 0, 0, 0, 0,
            0, 0, 0, 0, 0, 0, 0, 0, 0, 0, 0, 0, 0, 0, 0, 0, 0, 0, 0, 0, 0, 0, 0, 0, 0, 0, 0, 0, 0, 0, 0, 0, 0, 0, 0, 558, 559, 0, 0, 0, 0, 0, 0, 573, 574, 0, 0, 0, 0, 0, 0, 0, 0, 0, 573, 574, 0, 0, 0, 0, 0, 0, 0, 0, 0, 0, 0, 0, 0, 0, 0, 0, 0, 0, 0, 0, 0, 0, 0, 0, 0, 0, 0, 0, 0, 0, 0, 0, 0, 0, 0, 0, 0, 0, 0, 0, 0, 0, 0, 0, 0, 0, 0, 0, 0, 0, 0, 0, 0, 0, 0, 0, 0, 0, 0, 0, 0, 0, 0, 0, 0, 0, 0, 0, 0, 0, 0, 0, 0, 0, 0, 340, 333, 339, 0, 0, 326, 332, 341, 0, 0, 0, 0, 0, 0, 0, 0, 340, 333, 339, 0, 0, 326, 332, 341, 0, 0, 0, 0, 0, 0, 0, 0, 0, 0, 0, 0, 0, 0, 0, 0, 0, 0, 0, 0, 0, 0, 0, 0, 0, 0, 340, 333, 329, 329, 324, 329, 329, 339, 0, 0, 0, 0, 0, 0, 0, 0, 0, 0, 0, 0, 0, 0, 0, 0, 0, 0, 0, 0, 0, 0,
            0, 0, 0, 0, 0, 0, 0, 0, 0, 0, 0, 0, 0, 0, 0, 0, 0, 0, 0, 0, 0, 0, 0, 0, 0, 558, 559, 0, 0, 0, 0, 0, 0, 0, 0, 573, 574, 0, 0, 0, 0, 0, 0, 573, 574, 0, 0, 0, 0, 0, 0, 0, 0, 0, 573, 574, 0, 0, 0, 0, 0, 0, 0, 0, 0, 0, 0, 0, 0, 0, 0, 0, 0, 0, 0, 0, 0, 0, 0, 0, 0, 0, 0, 0, 0, 0, 0, 0, 0, 0, 0, 0, 0, 0, 0, 0, 0, 0, 0, 0, 0, 0, 0, 0, 0, 0, 0, 0, 0, 0, 0, 0, 0, 0, 0, 0, 0, 0, 0, 0, 0, 0, 0, 0, 0, 0, 0, 0, 0, 0, 340, 333, 324, 347, 0, 0, 334, 324, 332, 341, 0, 0, 0, 0, 0, 0, 340, 333, 324, 347, 0, 0, 334, 324, 332, 341, 0, 0, 0, 0, 0, 558, 559, 0, 0, 0, 0, 0, 0, 0, 0, 0, 0, 0, 0, 0, 0, 558, 559, 0, 340, 333, 329, 329, 324, 324, 324, 329, 347, 0, 0, 0, 0, 0, 0, 0, 0, 0, 0, 0, 0, 0, 0, 0, 0, 0, 0, 0, 0, 0, 0,
            0, 0, 0, 0, 0, 0, 0, 0, 0, 0, 0, 0, 0, 0, 0, 0, 0, 0, 0, 0, 0, 0, 0, 0, 0, 573, 574, 0, 0, 0, 0, 0, 0, 0, 0, 573, 574, 0, 0, 0, 0, 0, 0, 573, 574, 0, 0, 0, 0, 0, 0, 0, 0, 0, 573, 574, 0, 0, 0, 0, 0, 0, 0, 0, 0, 0, 0, 0, 0, 0, 0, 0, 0, 0, 0, 0, 0, 0, 0, 0, 0, 0, 0, 0, 0, 0, 0, 0, 0, 0, 0, 0, 0, 0, 0, 0, 0, 0, 0, 0, 0, 0, 0, 0, 0, 0, 0, 0, 0, 0, 0, 0, 0, 0, 0, 0, 0, 0, 0, 0, 0, 0, 0, 0, 0, 0, 0, 0, 0, 340, 333, 324, 324, 355, 0, 0, 342, 324, 324, 332, 341, 0, 0, 0, 0, 340, 333, 324, 324, 355, 0, 0, 342, 324, 324, 332, 341, 0, 0, 0, 0, 573, 574, 0, 0, 0, 0, 0, 0, 0, 0, 0, 0, 0, 0, 0, 0, 573, 574, 340, 333, 329, 329, 329, 329, 329, 329, 329, 355, 0, 0, 0, 0, 0, 0, 0, 318, 321, 323, 0, 0, 0, 0, 0, 0, 0, 0, 0, 0, 0, 0,
            318, 319, 320, 321, 322, 319, 319, 319, 319, 319, 319, 319, 319, 319, 319, 319, 319, 319, 319, 319, 319, 319, 319, 319, 319, 319, 319, 319, 319, 319, 320, 321, 322, 319, 320, 321, 322, 319, 320, 321, 322, 319, 320, 321, 322, 319, 320, 321, 322, 319, 320, 321, 322, 319, 320, 321, 322, 319, 320, 321, 322, 319, 320, 321, 322, 323, 0, 0, 318, 319, 320, 321, 322, 319, 320, 321, 322, 319, 320, 321, 322, 319, 320, 0, 0, 0, 318, 319, 320, 321, 322, 319, 320, 321, 322, 319, 320, 321, 322, 319, 320, 321, 322, 319, 320, 321, 322, 319, 320, 321, 322, 319, 320, 321, 322, 319, 320, 321, 322, 319, 320, 321, 322, 319, 320, 321, 322, 319, 320, 321, 322, 319, 320, 321, 322, 319, 320, 321, 322, 319, 320, 321, 322, 319, 320, 321, 322, 319, 320, 323, 0, 0, 318, 321, 322, 319, 320, 321, 322, 319, 320, 321, 322, 319, 320, 321, 322, 319, 320, 321, 322, 319, 320, 321, 322, 319, 320, 321, 322, 319, 320, 321, 322, 319, 320, 321, 322, 319, 320, 321, 322, 319, 320, 321, 322, 319, 320, 321, 322, 319, 320, 321, 322, 319, 320, 321, 322, 319, 320, 321, 323,
            326, 327, 328, 329, 330, 327, 327, 327, 327, 327, 327, 327, 327, 327, 327, 327, 327, 327, 327, 327, 327, 327, 327, 327, 327, 327, 327, 327, 327, 327, 328, 329, 330, 327, 328, 329, 330, 330, 327, 328, 329, 330, 327, 328, 329, 327, 328, 329, 330, 327, 328, 329, 327, 328, 327, 328, 329, 330, 327, 328, 329, 330, 327, 328, 327, 331, 0, 0, 326, 327, 328, 329, 330, 328, 329, 327, 328, 329, 330, 327, 328, 329, 330, 0, 0, 0, 326, 329, 330, 327, 328, 329, 330, 327, 328, 329, 330, 327, 328, 329, 330, 327, 328, 329, 330, 327, 328, 329, 330, 327, 328, 329, 330, 327, 327, 327, 327, 327, 327, 327, 327, 327, 327, 327, 327, 327, 327, 327, 328, 329, 330, 327, 328, 329, 330, 327, 328, 329, 330, 327, 328, 329, 330, 327, 328, 329, 330, 327, 328, 331, 0, 0, 326, 327, 327, 327, 327, 327, 327, 327, 327, 327, 327, 327, 327, 327, 327, 327, 327, 327, 327, 327, 327, 327, 327, 327, 327, 327, 327, 327, 328, 329, 327, 327, 327, 327, 327, 327, 327, 327, 327, 327, 327, 327, 327, 327, 327, 327, 327, 327, 328, 327, 327, 327, 327, 328, 329, 330, 327, 328, 331],
         "height":14,
         "id":1,
         "name":"Tile Layer 1",
         "opacity":1,
         "type":"tilelayer",
         "visible":true,
         "width":211,
         "x":0,
         "y":0
        }, 
        {
         "draworder":"topdown",
         "id":2,
         "name":"Object Layer 1",
         "objects":[
                {
                 "height":44.6666666666667,
                 "id":1,
                 "name":"StartPoint",
                 "rotation":0,
                 "type":"",
                 "visible":false,
                 "width":30.6666666666667,
                 "x":19.3333333333333,
                 "y":139.333333333333
                }, 
                {
                 "height":0,
                 "id":11,
                 "name":"StartingPoint",
                 "point":true,
                 "rotation":0,
                 "type":"",
                 "visible":true,
                 "width":0,
                 "x":52,
                 "y":165.666666666667
                }, 
                {
                 "height":32,
                 "id":19,
                 "name":"FinishingZone",
                 "rotation":0,
                 "type":"",
                 "visible":true,
                 "width":32,
                 "x":3294.66666666667,
                 "y":156
                }, 
                {
                 "height":0,
                 "id":30,
                 "name":"Goomba",
                 "rotation":0,
                 "type":"Enemy",
                 "visible":true,
                 "width":0,
                 "x":250.666666666667,
                 "y":163.333333333333
                }, 
                {
                 "height":0,
                 "id":31,
                 "name":"Piranha",
                 "rotation":0,
                 "type":"Enemy",
                 "visible":true,
                 "width":0,
                 "x":575.333333333333,
                 "y":154.666666666667
                }, 
                {
                 "height":0,
                 "id":32,
                 "name":"Goomba",
                 "rotation":0,
                 "type":"Enemy",
                 "visible":true,
                 "width":0,
                 "x":704.666666666667,
                 "y":138.666666666667
                }, 
                {
                 "height":0,
                 "id":33,
                 "name":"Goomba",
                 "rotation":0,
                 "type":"Enemy",
                 "visible":true,
                 "width":0,
                 "x":659.333333333333,
                 "y":174.666666666667
                }, 
                {
                 "height":0,
                 "id":34,
                 "name":"Koopa",
                 "rotation":0,
                 "type":"Enemy",
                 "visible":true,
                 "width":0,
                 "x":769.333333333333,
                 "y":169.333333333333
                }, 
                {
                 "height":0,
                 "id":35,
                 "name":"Goomba",
                 "rotation":0,
                 "type":"Enemy",
                 "visible":true,
                 "width":0,
                 "x":1015.33333333333,
                 "y":164
                }, 
                {
                 "height":0,
                 "id":36,
                 "name":"Goomba",
                 "rotation":0,
                 "type":"Enemy",
                 "visible":true,
                 "width":0,
                 "x":977.333333333333,
                 "y":162.666666666667
                }, 
                {
                 "height":0,
                 "id":37,
                 "name":"Goomba",
                 "rotation":0,
                 "type":"Enemy",
                 "visible":true,
                 "width":0,
                 "x":1248,
                 "y":161.333333333333
                }, 
                {
                 "height":0,
                 "id":38,
                 "name":"Goomba",
                 "rotation":0,
                 "type":"Enemy",
                 "visible":true,
                 "width":0,
                 "x":1282,
                 "y":160.666666666667
                }, 
                {
                 "height":0,
                 "id":39,
                 "name":"Koopa",
                 "rotation":0,
                 "type":"Enemy",
                 "visible":true,
                 "width":0,
                 "x":1310.66666666667,
                 "y":40
                }, 
                {
                 "height":0,
                 "id":40,
                 "name":"Goomba",
                 "rotation":0,
                 "type":"Enemy",
                 "visible":true,
                 "width":0,
                 "x":1709.33333333333,
                 "y":172
                }, 
                {
                 "height":0,
                 "id":41,
                 "name":"Goomba",
                 "rotation":0,
                 "type":"Enemy",
                 "visible":true,
                 "width":0,
                 "x":2296,
                 "y":172
                }, 
                {
                 "height":0,
                 "id":42,
                 "name":"Piranha",
                 "rotation":0,
                 "type":"Enemy",
                 "visible":true,
                 "width":0,
                 "x":2591.33333333333,
                 "y":169.333333333333
                }],
         "opacity":1,
         "type":"objectgroup",
         "visible":true,
         "x":0,
         "y":0
        }],
 "nextlayerid":5,
 "nextobjectid":43,
 "orientation":"orthogonal",
 "renderorder":"right-down",
 "tiledversion":"1.11.2",
 "tileheight":16,
 "tilesets":[
        {
         "firstgid":1,
         "source":"muilti_tileset.json"
        }, 
        {
         "firstgid":290,
         "source":"new_blocks2_items.json"
        }, 
        {
         "firstgid":318,
         "source":"ground_tileset.json"
        }, 
        {
         "firstgid":366,
         "source":"collided_animation.json"
        }, 
        {
         "firstgid":462,
         "source":"new_items_powerups.json"
        }, 
        {
         "firstgid":474,
         "source":"Enemies2D.json"
        }, 
        {
         "firstgid":558,
         "source":"pipes.json"
        }],
 "tilewidth":16,
 "type":"map",
 "version":"1.10",
 "width":211
}