{ "columns":7,
 "image":"image\/new_blocks2_items.png",
 "imageheight":67,
 "imagewidth":118,
 "margin":0,
 "name":"new_blocks2_items",
 "spacing":1,
 "tilecount":28,
 "tiledversion":"1.11.2",
 "tileheight":16,
 "tiles":[
        {
         "animation":[
                {
                 "duration":150,
                 "tileid":0
                }, 
                {
                 "duration":150,
                 "tileid":1
                }, 
                {
                 "duration":150,
                 "tileid":2
                }, 
                {
                 "duration":150,
                 "tileid":3
                }],
         "id":0,
         "properties":[
                {
                 "name":"isBreakable",
                 "type":"bool",
                 "value":true
                }, 
                {
                 "name":"isQuestion",
                 "type":"bool",
                 "value":true
                }, 
                {
                 "name":"isSolid",
                 "type":"bool",
                 "value":true
                }],
         "type":"QuestionBlock"
        }, 
        {
         "animation":[
                {
                 "duration":150,
                 "tileid":7
                }, 
                {
                 "duration":150,
                 "tileid":8
                }, 
                {
                 "duration":150,
                 "tileid":9
                }, 
                {
                 "duration":150,
                 "tileid":10
                }],
         "id":7,
         "properties":[
                {
                 "name":"isBreakable",
                 "type":"bool",
                 "value":true
                }, 
                {
                 "name":"isSolid",
                 "type":"bool",
                 "value":true
                }],
         "type":"BrickBlock"
        }, 
        {
         "animation":[
                {
                 "duration":150,
                 "tileid":14
                }, 
                {
                 "duration":150,
                 "tileid":15
                }, 
                {
                 "duration":150,
                 "tileid":16
                }, 
                {
                 "duration":150,
                 "tileid":17
                }],
         "id":14,
         "properties":[
                {
                 "name":"isInvisible",
                 "type":"bool",
                 "value":false
                }, 
                {
                 "name":"isUsed",
                 "type":"bool",
                 "value":false
                }]
        }, 
        {
         "id":25,
         "properties":[
                {
                 "name":"isSolid",
                 "type":"bool",
                 "value":true
                }]
        }],
 "tilewidth":16,
 "type":"tileset",
 "version":"1.10"
}