{ "columns":17,
 "image":"image\/day.PNG",
 "imageheight":272,
 "imagewidth":272,
 "margin":0,
 "name":"day",
 "spacing":0,
 "tilecount":289,
 "tiledversion":"1.11.2",
 "tileheight":16,
 "tiles":[
        {
         "id":1,
         "properties":[
                {
                 "name":"isBreakable",
                 "type":"bool",
                 "value":true
                }, 
                {
                 "name":"isSolid",
                 "type":"bool",
                 "value":true
                }]
        }, 
        {
         "id":2,
         "properties":[
                {
                 "name":"isQuestion",
                 "type":"bool",
                 "value":true
                }, 
                {
                 "name":"isSolid",
                 "type":"bool",
                 "value":true
                }]
        }, 
        {
         "id":12,
         "properties":[
                {
                 "name":"isSolid",
                 "type":"bool",
                 "value":true
                }]
        }, 
        {
         "id":13,
         "properties":[
                {
                 "name":"isSolid",
                 "type":"bool",
                 "value":true
                }]
        }, 
        {
         "id":14,
         "properties":[
                {
                 "name":"isSolid",
                 "type":"bool",
                 "value":true
                }]
        }, 
        {
         "id":15,
         "properties":[
                {
                 "name":"isSolid",
                 "type":"bool",
                 "value":true
                }]
        }, 
        {
         "id":16,
         "properties":[
                {
                 "name":"isSolid",
                 "type":"bool",
                 "value":true
                }]
        }, 
        {
         "id":29,
         "properties":[
                {
                 "name":"isSolid",
                 "type":"bool",
                 "value":true
                }]
        }, 
        {
         "id":30,
         "properties":[
                {
                 "name":"isSolid",
                 "type":"bool",
                 "value":true
                }]
        }, 
        {
         "id":31,
         "properties":[
                {
                 "name":"isSolid",
                 "type":"bool",
                 "value":true
                }]
        }, 
        {
         "id":32,
         "properties":[
                {
                 "name":"isSolid",
                 "type":"bool",
                 "value":true
                }]
        }, 
        {
         "id":33,
         "properties":[
                {
                 "name":"isSolid",
                 "type":"bool",
                 "value":true
                }]
        }, 
        {
         "id":49,
         "properties":[
                {
                 "name":"isSolid",
                 "type":"bool",
                 "value":true
                }]
        }, 
        {
         "id":50,
         "properties":[
                {
                 "name":"isSolid",
                 "type":"bool",
                 "value":true
                }]
        }, 
        {
         "id":65,
         "properties":[
                {
                 "name":"isSolid",
                 "type":"bool",
                 "value":true
                }]
        }, 
        {
         "id":66,
         "properties":[
                {
                 "name":"isSolid",
                 "type":"bool",
                 "value":true
                }]
        }, 
        {
         "id":67,
         "properties":[
                {
                 "name":"isSolid",
                 "type":"bool",
                 "value":true
                }]
        }, 
        {
         "id":221,
         "properties":[
                {
                 "name":"isSolid",
                 "type":"bool",
                 "value":true
                }]
        }],
 "tilewidth":16,
 "type":"tileset",
 "version":"1.10"
}